Berenguer is the Catalan form of the name.,Berrngurr is the Catalan form of the namr.
With John Edward and Fred Offenhauser Miller created a new engine.,With John Edward and Frrd Offenhausrr Millrr crratrd a new enginr.
People enter a large building.,Peoplr entrr a largr building.Several of his subsequent books were bestsellers.Ukraine national football team is the ational football team of Ukraine.
The forelimbs were relatively short.,The forelimbns were relatively short/
Moe is the owner and only worker at Moe s Tavern.,Moe is the owner and only worker at Moe s Tavern.
G ring surrendered in Bavaria on 9 May 1945.,G ring surrendered in Bavaria on 9 May 1945.
The per capita income for the city was  18570.,THe per capita income for the city was 188570
Because there are 50 states  there are 100 senators.,Because there are 50 states there are 100 senators.
In other words  a tautology can not be wrong.,"IN other word a tatology can not be wrong,"
And not you I swear.,And not you I swear.
Membership was optional.,Membership was optional.
There are ethnic foods music and beer.,There are ething foods music and beer.
They charged overtheodds prices I wont use them again.,They charget overtheodds prices I want use them again
Oh I was obtaining evidence.,Oh I was obtaining evidenc